Gemeentenaam,Provincienaam,link
Assen,Drenthe,https://www.accuweather.com/nl/nl/assen/247259/march-weather/247259?year=2020
Emmen,Drenthe,https://www.accuweather.com/nl/nl/emmen/247264/march-weather/247264?year=2020
Meppel,Drenthe,https://www.accuweather.com/nl/nl/meppel/247261/march-weather/247261?year=2020
Tynaarlo,Drenthe,https://www.accuweather.com/nl/nl/tynaarlo/247354/march-weather/247354?year=2020
Coevorden,Drenthe,https://www.accuweather.com/nl/nl/coevorden/247267/march-weather/247267?year=2020
De Wolden,Drenthe,https://www.accuweather.com/en/nl/veeningen/247358/march-weather/247358?year=2020
Hoogeveen,Drenthe,https://www.accuweather.com/nl/nl/hoogeveen/247260/march-weather/247260?year=2020
Westerveld,Drenthe,https://www.accuweather.com/en/nl/diever/247289/march-weather/247289?year=2020
Aa en Hunze,Drenthe,https://www.accuweather.com/en/nl/gieten/247268/march-weather/247268?year=2020
Noordenveld,Drenthe,https://www.accuweather.com/en/nl/langelo/247434/march-weather/247434?year=2020
Borger-Odoorn,Drenthe,https://www.accuweather.com/en/nl/exloo/247265/march-weather/247265?year=2020
Midden-Drenthe,Drenthe,https://www.accuweather.com/en/nl/beilen/247266/march-weather/247266?year=2020
Beek,Limburg,https://www.accuweather.com/nl/nl/beek/248707/march-weather/248707?year=2020
Stein,Limburg,https://www.accuweather.com/nl/nl/stein/248717/march-weather/248717?year=2020
Vaals,Limburg,https://www.accuweather.com/nl/nl/vaals/248755/march-weather/248755?year=2020
Venlo,Limburg,https://www.accuweather.com/nl/nl/venlo/248718/march-weather/248718?year=2020
Weert,Limburg,https://www.accuweather.com/nl/nl/weert/248720/march-weather/248720?year=2020
Beesel,Limburg,https://www.accuweather.com/nl/nl/beesel/248768/march-weather/248768?year=2020
Gennep,Limburg,https://www.accuweather.com/nl/nl/gennep/248728/march-weather/248728?year=2020
Leudal,Limburg,https://www.accuweather.com/en/nl/heythuysen/248741/march-weather/248741?year=2020
Venray,Limburg,https://www.accuweather.com/nl/nl/venray/248719/march-weather/248719?year=2020
Heerlen,Limburg,https://www.accuweather.com/nl/nl/heerlen/248721/march-weather/248721?year=2020
Brunssum,Limburg,https://www.accuweather.com/nl/nl/brunssum/248708/march-weather/248708?year=2020
Kerkrade,Limburg,https://www.accuweather.com/nl/nl/kerkrade/248711/march-weather/248711?year=2020
Maasgouw,Limburg,https://www.accuweather.com/en/nl/wessem/248894/march-weather/248894?year=2020
Meerssen,Limburg,https://www.accuweather.com/nl/nl/meerssen/248712/march-weather/248712?year=2020
Roermond,Limburg,https://www.accuweather.com/nl/nl/roermond/248715/march-weather/248715?year=2020
Landgraaf,Limburg,https://www.accuweather.com/nl/nl/landgraaf/3509591/march-weather/3509591?year=2020
Roerdalen,Limburg,https://www.accuweather.com/en/nl/sint-odili%c3%abnberg/870715/march-weather/870715?year=2020
Beekdaelen,Limburg,https://www.accuweather.com/en/nl/nuth/248714/march-weather/248714?year=2020
Maastricht,Limburg,https://www.accuweather.com/nl/nl/maastricht/248722/march-weather/248722?year=2020
Nederweert,Limburg,https://www.accuweather.com/nl/nl/nederweert/248713/march-weather/248713?year=2020
Simpelveld,Limburg,https://www.accuweather.com/nl/nl/simpelveld/248752/march-weather/248752?year=2020
Voerendaal,Limburg,https://www.accuweather.com/nl/nl/voerendaal/248757/march-weather/248757?year=2020
Bergen (L.),Limburg,https://www.accuweather.com/en/nl/well/248892/march-weather/248892?year=2020
Peel en Maas,Limburg,https://www.accuweather.com/en/nl/helden/248924/march-weather/248924?year=2020
Echt-Susteren,Limburg,https://www.accuweather.com/en/nl/echt/248709/march-weather/248709?year=2020
Gulpen-Wittem,Limburg,https://www.accuweather.com/en/nl/gulpen/248738/march-weather/248738?year=2020
Sittard-Geleen,Limburg,https://www.accuweather.com/en/nl/einighausen/248788/march-weather/248788?year=2020
Eijsden-Margraten,Limburg,https://www.accuweather.com/en/nl/margraten/248745/march-weather/248745?year=2020
Horst aan de Maas,Limburg,https://www.accuweather.com/en/nl/sevenum/248751/march-weather/248751?year=2020
Mook en Middelaar,Limburg,https://www.accuweather.com/en/nl/mook/248733/march-weather/248733?year=2020
Valkenburg aan de Geul,Limburg,https://www.accuweather.com/en/nl/valkenburg/248756/march-weather/248756?year=2020
Baarn,Utrecht,https://www.accuweather.com/nl/nl/baarn/250545/march-weather/250545?year=2020
Lopik,Utrecht,https://www.accuweather.com/nl/nl/lopik/250571/march-weather/250571?year=2020
Soest,Utrecht,https://www.accuweather.com/nl/nl/soest/250555/march-weather/250555?year=2020
Zeist,Utrecht,https://www.accuweather.com/nl/nl/zeist/250558/march-weather/250558?year=2020
Bunnik,Utrecht,https://www.accuweather.com/nl/nl/bunnik/250582/march-weather/250582?year=2020
Eemnes,Utrecht,https://www.accuweather.com/nl/nl/eemnes/872978/march-weather/872978?year=2020
Houten,Utrecht,https://www.accuweather.com/nl/nl/houten/250549/march-weather/250549?year=2020
Rhenen,Utrecht,https://www.accuweather.com/nl/nl/rhenen/250554/march-weather/250554?year=2020
De Bilt,Utrecht,https://www.accuweather.com/nl/nl/de-bilt/250542/march-weather/250542?year=2020
Leusden,Utrecht,https://www.accuweather.com/nl/nl/leusden/3509523/march-weather/3509523?year=2020
Utrecht,Utrecht,https://www.accuweather.com/nl/nl/utrecht/250560/march-weather/250560?year=2020
Woerden,Utrecht,https://www.accuweather.com/nl/nl/woerden/251523/march-weather/251523?year=2020
Montfoort,Utrecht,https://www.accuweather.com/nl/nl/montfoort/250573/march-weather/250573?year=2020
Oudewater,Utrecht,https://www.accuweather.com/nl/nl/oudewater/250574/march-weather/250574?year=2020
Renswoude,Utrecht,https://www.accuweather.com/nl/nl/renswoude/250565/march-weather/250565?year=2020
Amersfoort,Utrecht,https://www.accuweather.com/nl/nl/amersfoort/250559/march-weather/250559?year=2020
Bunschoten,Utrecht,https://www.accuweather.com/nl/nl/bunschoten-spakenburg/1-250562_6_al/march-weather/1-250562_6_al?year=2020
Nieuwegein,Utrecht,https://www.accuweather.com/nl/nl/nieuwegein/250553/march-weather/250553?year=2020
Veenendaal,Utrecht,https://www.accuweather.com/nl/nl/veenendaal/250556/march-weather/250556?year=2020
Woudenberg,Utrecht,https://www.accuweather.com/nl/nl/woudenberg/250575/march-weather/250575?year=2020
IJsselstein,Utrecht,https://www.accuweather.com/nl/nl/ijsselstein/250550/march-weather/250550?year=2020
De Ronde Venen,Utrecht,https://www.accuweather.com/en/nl/wilnis/250615/march-weather/250615?year=2020
Stichtse Vecht,Utrecht,https://www.accuweather.com/en/nl/breukelen/250567/march-weather/250567?year=2020
Vijfheerenlanden,Utrecht,https://www.accuweather.com/en/nl/vianen/251518/march-weather/251518?year=2020
Wijk bij Duurstede,Utrecht,https://www.accuweather.com/nl/nl/wijk-bij-duurstede/250557/march-weather/250557?year=2020
Utrechtse Heuvelrug,Utrecht,https://www.accuweather.com/en/nl/driebergen-rijsenburg/250548/march-weather/250548?year=2020
Goes,Zeeland,https://www.accuweather.com/nl/nl/goes/251164/march-weather/251164?year=2020
Hulst,Zeeland,https://www.accuweather.com/nl/nl/hulst/251165/march-weather/251165?year=2020
Sluis,Zeeland,https://www.accuweather.com/nl/nl/sluis/251255/march-weather/251255?year=2020
Veere,Zeeland,https://www.accuweather.com/nl/nl/veere/251337/march-weather/251337?year=2020
Tholen,Zeeland,https://www.accuweather.com/nl/nl/tholen/249213/march-weather/249213?year=2020
Borsele,Zeeland,https://www.accuweather.com/en/nl/heinkenszand/251172/march-weather/251172?year=2020
Kapelle,Zeeland,https://www.accuweather.com/nl/nl/kapelle/3509569/march-weather/3509569?year=2020
Terneuzen,Zeeland,https://www.accuweather.com/nl/nl/terneuzen/251169/march-weather/251169?year=2020
Middelburg,Zeeland,https://www.accuweather.com/nl/nl/middelburg/3509568/march-weather/3509568?year=2020
Vlissingen,Zeeland,https://www.accuweather.com/nl/nl/vlissingen/251170/march-weather/251170?year=2020
Reimerswaal,Zeeland,https://www.accuweather.com/en/nl/tholen/249213/march-weather/249213?year=2020
Noord-Beveland,Zeeland,https://www.accuweather.com/en/nl/wissenkerke/251176/march-weather/251176?year=2020
Schouwen-Duiveland,Zeeland,https://www.accuweather.com/en/nl/noordgouwe/251240/march-weather/251240?year=2020
Urk,Flevoland,https://www.accuweather.com/nl/nl/urk/247500/march-weather/247500?year=2020
Almere,Flevoland,https://www.accuweather.com/nl/nl/almere-stad/1-247498_6_al/march-weather/1-247498_6_al?year=2020
Dronten,Flevoland,https://www.accuweather.com/nl/nl/dronten/247494/march-weather/247494?year=2020
Lelystad,Flevoland,https://www.accuweather.com/nl/nl/lelystad/247497/march-weather/247497?year=2020
Zeewolde,Flevoland,https://www.accuweather.com/nl/nl/zeewolde/247501/march-weather/247501?year=2020
Noordoostpolder,Flevoland,https://www.accuweather.com/en/nl/emmeloord/247495/march-weather/247495?year=2020
Harlingen,Friesland,https://www.accuweather.com/nl/nl/harlingen/247517/march-weather/247517?year=2020
Waadhoeke,Friesland,https://www.accuweather.com/en/nl/franeker/247538/march-weather/247538?year=2020
Heerenveen,Friesland,https://www.accuweather.com/nl/nl/heerenveen/247518/march-weather/247518?year=2020
Leeuwarden,Friesland,https://www.accuweather.com/nl/nl/leeuwarden/247519/march-weather/247519?year=2020
Opsterland,Friesland,https://www.accuweather.com/en/nl/hemrik/247745/march-weather/247745?year=2020
Dantumadiel,Friesland,https://www.accuweather.com/en/nl/broeksterw%c3%a2ld/247702/march-weather/247702?year=2020
Terschelling,Friesland,https://www.accuweather.com/en/nl/hoorn/247680/march-weather/247680?year=2020
Achtkarspelen,Friesland,https://www.accuweather.com/en/nl/augustinusga/247550/march-weather/247550?year=2020
Smallingerland,Friesland,https://www.accuweather.com/en/nl/opeinde/247630/march-weather/247630?year=2020
De Fryske Marren,Friesland,https://www.accuweather.com/en/nl/scharsterbrug/247832/march-weather/247832?year=2020
Ooststellingwerf,Friesland,https://www.accuweather.com/en/nl/boijl/8392/march-weather/406716_pc?year=2020
Weststellingwerf,Friesland,https://www.accuweather.com/en/nl/wolvega/247544/march-weather/247544?year=2020
Súdwest-Fryslân,Friesland,https://www.accuweather.com/en/nl/parrega/247811/march-weather/247811?year=2020
Tytsjerksteradiel,Friesland,https://www.accuweather.com/en/nl/garijp/1-247583_1_al/march-weather/1-247583_1_al?year=2020
Noardeast-Fryslân,Friesland,https://www.accuweather.com/en/nl/hiaure/247747/march-weather/247747?year=2020
Pekela,Groningen,https://www.accuweather.com/en/nl/oude-pekela/248358/march-weather/248358?year=2020
Oldambt,Groningen,https://www.accuweather.com/en/nl/oostwold/248417/march-weather/248417?year=2020
Veendam,Groningen,https://www.accuweather.com/nl/nl/veendam/248342/march-weather/248342?year=2020
Delfzijl,Groningen,https://www.accuweather.com/nl/nl/delfzijl/248338/march-weather/248338?year=2020
Groningen,Groningen,https://www.accuweather.com/nl/nl/groningen/248345/march-weather/248345?year=2020
Loppersum,Groningen,https://www.accuweather.com/nl/nl/loppersum/248355/march-weather/248355?year=2020
Appingedam,Groningen,https://www.accuweather.com/nl/nl/appingedam/248352/march-weather/248352?year=2020
Stadskanaal,Groningen,https://www.accuweather.com/nl/nl/stadskanaal/247263/march-weather/247263?year=2020
Westerwolde,Groningen,https://www.accuweather.com/en/nl/bellingwolde/248370/march-weather/248370?year=2020
Het Hogeland,Groningen,https://www.accuweather.com/en/nl/bedum/248353/march-weather/248353?year=2020
Westerkwartier,Groningen,https://www.accuweather.com/en/nl/midwolde/248500/march-weather/248500?year=2020
Midden-Groningen,Groningen,https://www.accuweather.com/en/nl/zuidbroek/248447/march-weather/248447?year=2020
Ede,Gelderland,https://www.accuweather.com/nl/nl/ede/247956/march-weather/247956?year=2020
Epe,Gelderland,https://www.accuweather.com/nl/nl/epe/247936/march-weather/247936?year=2020
Tiel,Gelderland,https://www.accuweather.com/nl/nl/tiel/247947/march-weather/247947?year=2020
Buren,Gelderland,https://www.accuweather.com/nl/nl/buren/248040/march-weather/248040?year=2020
Aalten,Gelderland,https://www.accuweather.com/nl/nl/aalten/247923/march-weather/247923?year=2020
Arnhem,Gelderland,https://www.accuweather.com/nl/nl/arnhem/247955/march-weather/247955?year=2020
Druten,Gelderland,https://www.accuweather.com/nl/nl/druten/247932/march-weather/247932?year=2020
Duiven,Gelderland,https://www.accuweather.com/nl/nl/duiven/247933/march-weather/247933?year=2020
Elburg,Gelderland,https://www.accuweather.com/nl/nl/elburg/247499/march-weather/247499?year=2020
Ermelo,Gelderland,https://www.accuweather.com/nl/nl/ermelo/247937/march-weather/247937?year=2020
Hattem,Gelderland,https://www.accuweather.com/nl/nl/hattem/247981/march-weather/247981?year=2020
Heerde,Gelderland,https://www.accuweather.com/nl/nl/heerde/247941/march-weather/247941?year=2020
Heumen,Gelderland,https://www.accuweather.com/nl/nl/heumen/248096/march-weather/248096?year=2020
Lochem,Gelderland,https://www.accuweather.com/nl/nl/lochem/247943/march-weather/247943?year=2020
Putten,Gelderland,https://www.accuweather.com/nl/nl/putten/247946/march-weather/247946?year=2020
Renkum,Gelderland,https://www.accuweather.com/nl/nl/renkum/247961/march-weather/247961?year=2020
Rheden,Gelderland,https://www.accuweather.com/nl/nl/rheden/247962/march-weather/247962?year=2020
Voorst,Gelderland,https://www.accuweather.com/nl/nl/voorst/247964/march-weather/247964?year=2020
Brummen,Gelderland,https://www.accuweather.com/nl/nl/brummen/247927/march-weather/247927?year=2020
Nijkerk,Gelderland,https://www.accuweather.com/nl/nl/nijkerk/247990/march-weather/247990?year=2020
Wijchen,Gelderland,https://www.accuweather.com/nl/nl/wijchen/247950/march-weather/247950?year=2020
Zutphen,Gelderland,https://www.accuweather.com/nl/nl/zutphen/247953/march-weather/247953?year=2020
Doesburg,Gelderland,https://www.accuweather.com/nl/nl/doesburg/247978/march-weather/247978?year=2020
Nijmegen,Gelderland,https://www.accuweather.com/nl/nl/nijmegen/247957/march-weather/247957?year=2020
Nunspeet,Gelderland,https://www.accuweather.com/nl/nl/nunspeet/247944/march-weather/247944?year=2020
Zevenaar,Gelderland,https://www.accuweather.com/nl/nl/zevenaar/247952/march-weather/247952?year=2020
Apeldoorn,Gelderland,https://www.accuweather.com/nl/nl/apeldoorn/247954/march-weather/247954?year=2020
Barneveld,Gelderland,https://www.accuweather.com/nl/nl/barneveld/247924/march-weather/247924?year=2020
Beuningen,Gelderland,https://www.accuweather.com/nl/nl/beuningen/247926/march-weather/247926?year=2020
Culemborg,Gelderland,https://www.accuweather.com/nl/nl/culemborg/247928/march-weather/247928?year=2020
Maasdriel,Gelderland,https://www.accuweather.com/en/nl/velddriel/248194/march-weather/248194?year=2020
Oldebroek,Gelderland,https://www.accuweather.com/nl/nl/oldebroek/247945/march-weather/247945?year=2020
Rozendaal,Gelderland,https://www.accuweather.com/nl/nl/rozendaal/247972/march-weather/247972?year=2020
Berkelland,Gelderland,https://www.accuweather.com/en/nl/borculo/247976/march-weather/247976?year=2020
Doetinchem,Gelderland,https://www.accuweather.com/nl/nl/doetinchem/247931/march-weather/247931?year=2020
Harderwijk,Gelderland,https://www.accuweather.com/nl/nl/harderwijk/247496/march-weather/247496?year=2020
Lingewaard,Gelderland,https://www.accuweather.com/en/nl/angeren/248017/march-weather/248017?year=2020
Oost Gelre,Gelderland,https://www.accuweather.com/en/nl/lichtenvoorde/247942/march-weather/247942?year=2020
Overbetuwe,Gelderland,https://www.accuweather.com/en/nl/homoet/248260/march-weather/248260?year=2020
Wageningen,Gelderland,https://www.accuweather.com/nl/nl/wageningen/247948/march-weather/247948?year=2020
Zaltbommel,Gelderland,https://www.accuweather.com/nl/nl/zaltbommel/248001/march-weather/248001?year=2020
Berg en Dal,Gelderland,https://www.accuweather.com/nl/nl/berg-en-dal/248030/march-weather/248030?year=2020
Bronckhorst,Gelderland,https://www.accuweather.com/en/nl/bronkhorst/248232/march-weather/248232?year=2020
Montferland,Gelderland,https://www.accuweather.com/en/nl/braamt/248034/march-weather/248034?year=2020
West Betuwe,Gelderland,https://www.accuweather.com/en/nl/tuil/248298/march-weather/248298?year=2020
Westervoort,Gelderland,https://www.accuweather.com/nl/nl/westervoort/247949/march-weather/247949?year=2020
Winterswijk,Gelderland,https://www.accuweather.com/nl/nl/winterswijk/247951/march-weather/247951?year=2020
Neder-Betuwe,Gelderland,https://www.accuweather.com/en/nl/kesteren/248115/march-weather/248115?year=2020
Scherpenzeel,Gelderland,https://www.accuweather.com/nl/nl/scherpenzeel/247995/march-weather/247995?year=2020
Oude IJsselstreek,Gelderland,https://www.accuweather.com/en/nl/silvolde/248175/march-weather/248175?year=2020
West Maas en Waal,Gelderland,https://www.accuweather.com/en/nl/wamel/248202/march-weather/248202?year=2020
Borne,Overijssel,https://www.accuweather.com/nl/nl/borne/250095/march-weather/250095?year=2020
Ommen,Overijssel,https://www.accuweather.com/nl/nl/ommen/250104/march-weather/250104?year=2020
Almelo,Overijssel,https://www.accuweather.com/nl/nl/almelo/250094/march-weather/250094?year=2020
Kampen,Overijssel,https://www.accuweather.com/nl/nl/kampen/250100/march-weather/250100?year=2020
Losser,Overijssel,https://www.accuweather.com/nl/nl/losser/250101/march-weather/250101?year=2020
Raalte,Overijssel,https://www.accuweather.com/nl/nl/raalte/250105/march-weather/250105?year=2020
Zwolle,Overijssel,https://www.accuweather.com/nl/nl/zwolle/250112/march-weather/250112?year=2020
Dalfsen,Overijssel,https://www.accuweather.com/nl/nl/dalfsen/250096/march-weather/250096?year=2020
Hengelo,Overijssel,https://www.accuweather.com/nl/nl/hengelo/250099/march-weather/250099?year=2020
Wierden,Overijssel,https://www.accuweather.com/nl/nl/wierden/250110/march-weather/250110?year=2020
Deventer,Overijssel,https://www.accuweather.com/nl/nl/deventer/247929/march-weather/247929?year=2020
Enschede,Overijssel,https://www.accuweather.com/nl/nl/enschede/250111/march-weather/250111?year=2020
Oldenzaal,Overijssel,https://www.accuweather.com/nl/nl/oldenzaal/250103/march-weather/250103?year=2020
Staphorst,Overijssel,https://www.accuweather.com/nl/nl/staphorst/250119/march-weather/250119?year=2020
Tubbergen,Overijssel,https://www.accuweather.com/nl/nl/tubbergen/250108/march-weather/250108?year=2020
Dinkelland,Overijssel,https://www.accuweather.com/en/nl/ootmarsum/250202/march-weather/250202?year=2020
Hardenberg,Overijssel,https://www.accuweather.com/nl/nl/hardenberg/250098/march-weather/250098?year=2020
Olst-Wijhe,Overijssel,https://www.accuweather.com/en/nl/olst/250118/march-weather/250118?year=2020
Twenterand,Overijssel,https://www.accuweather.com/en/nl/westerhaar-vriezenveensewijk/250225/march-weather/250225?year=2020
Haaksbergen,Overijssel,https://www.accuweather.com/nl/nl/haaksbergen/250097/march-weather/250097?year=2020
Hellendoorn,Overijssel,https://www.accuweather.com/nl/nl/hellendoorn/250113/march-weather/250113?year=2020
Hof van Twente,Overijssel,https://www.accuweather.com/en/nl/goor/250163/march-weather/250163?year=2020
Rijssen-Holten,Overijssel,https://www.accuweather.com/en/nl/holten/250171/march-weather/250171?year=2020
Steenwijkerland,Overijssel,https://www.accuweather.com/en/nl/giethoorn/250161/march-weather/250161?year=2020
Zwartewaterland,Overijssel,https://www.accuweather.com/en/nl/genemuiden/250159/march-weather/250159?year=2020
Delft,Zuid-Holland,https://www.accuweather.com/nl/nl/delft/251525/march-weather/251525?year=2020
Gouda,Zuid-Holland,https://www.accuweather.com/nl/nl/gouda/251496/march-weather/251496?year=2020
Lisse,Zuid-Holland,https://www.accuweather.com/nl/nl/lisse/251504/march-weather/251504?year=2020
Leiden,Zuid-Holland,https://www.accuweather.com/nl/nl/leiden/251527/march-weather/251527?year=2020
Brielle,Zuid-Holland,https://www.accuweather.com/nl/nl/brielle/251493/march-weather/251493?year=2020
Katwijk,Zuid-Holland,https://www.accuweather.com/en/nl/katwijk-aan-zee/1-251532_1_al/march-weather/1-251532_1_al?year=2020
Hillegom,Zuid-Holland,https://www.accuweather.com/nl/nl/hillegom/251499/march-weather/251499?year=2020
Rijswijk,Zuid-Holland,https://www.accuweather.com/nl/nl/rijswijk/251348/march-weather/251348?year=2020
Schiedam,Zuid-Holland,https://www.accuweather.com/nl/nl/schiedam/251515/march-weather/251515?year=2020
Westland,Zuid-Holland,https://www.accuweather.com/en/nl/honselersdijk/251605/march-weather/251605?year=2020
Zuidplas,Zuid-Holland,https://www.accuweather.com/en/nl/zevenhuizen/251574/march-weather/251574?year=2020
Dordrecht,Zuid-Holland,https://www.accuweather.com/nl/nl/dordrecht/251526/march-weather/251526?year=2020
Gorinchem,Zuid-Holland,https://www.accuweather.com/nl/nl/gorinchem/251495/march-weather/251495?year=2020
Maassluis,Zuid-Holland,https://www.accuweather.com/nl/nl/maassluis/251505/march-weather/251505?year=2020
Nieuwkoop,Zuid-Holland,https://www.accuweather.com/nl/nl/nieuwkoop/251558/march-weather/251558?year=2020
Noordwijk,Zuid-Holland,https://www.accuweather.com/nl/nl/noordwijk/251509/march-weather/251509?year=2020
Rotterdam,Zuid-Holland,https://www.accuweather.com/nl/nl/rotterdam/251688/march-weather/251688?year=2020
Teylingen,Zuid-Holland,https://www.accuweather.com/en/nl/sassenheim/251567/march-weather/251567?year=2020
Wassenaar,Zuid-Holland,https://www.accuweather.com/nl/nl/wassenaar/251522/march-weather/251522?year=2020
Leiderdorp,Zuid-Holland,https://www.accuweather.com/nl/nl/leiderdorp/251502/march-weather/251502?year=2020
Nissewaard,Zuid-Holland,https://www.accuweather.com/en/nl/spijkenisse/251517/march-weather/251517?year=2020
Oegstgeest,Zuid-Holland,https://www.accuweather.com/nl/nl/oegstgeest/251510/march-weather/251510?year=2020
Ridderkerk,Zuid-Holland,https://www.accuweather.com/nl/nl/ridderkerk/251514/march-weather/251514?year=2020
Sliedrecht,Zuid-Holland,https://www.accuweather.com/nl/nl/sliedrecht/251516/march-weather/251516?year=2020
Westvoorne,Zuid-Holland,https://www.accuweather.com/en/nl/rockanje/251564/march-weather/251564?year=2020
Zoetermeer,Zuid-Holland,https://www.accuweather.com/nl/nl/zoetermeer/251528/march-weather/251528?year=2020
Barendrecht,Zuid-Holland,https://www.accuweather.com/nl/nl/barendrecht/251346/march-weather/251346?year=2020
Molenlanden,Zuid-Holland,https://www.accuweather.com/en/nl/groot-ammers/251538/march-weather/251538?year=2020
Papendrecht,Zuid-Holland,https://www.accuweather.com/nl/nl/papendrecht/251512/march-weather/251512?year=2020
Vlaardingen,Zuid-Holland,https://www.accuweather.com/nl/nl/vlaardingen/251519/march-weather/251519?year=2020
Voorschoten,Zuid-Holland,https://www.accuweather.com/nl/nl/voorschoten/251520/march-weather/251520?year=2020
Waddinxveen,Zuid-Holland,https://www.accuweather.com/nl/nl/waddinxveen/251521/march-weather/251521?year=2020
Zoeterwoude,Zuid-Holland,https://www.accuweather.com/nl/nl/zoeterwoude-rijndijk/1-251575_6_al/march-weather/1-251575_6_al?year=2020
Zwijndrecht,Zuid-Holland,https://www.accuweather.com/nl/nl/zwijndrecht/251524/march-weather/251524?year=2020
Alblasserdam,Zuid-Holland,https://www.accuweather.com/nl/nl/alblasserdam/251489/march-weather/251489?year=2020
's-Gravenhage,Zuid-Holland,https://www.accuweather.com/en/nl/the-hague/251687/march-weather/251687?year=2020
Albrandswaard,Zuid-Holland,https://www.accuweather.com/en/nl/poortugaal/251397/march-weather/251397?year=2020
Lansingerland,Zuid-Holland,https://www.accuweather.com/en/nl/bleiswijk/251551/march-weather/251551?year=2020
Hellevoetsluis,Zuid-Holland,https://www.accuweather.com/nl/nl/hellevoetsluis/251497/march-weather/251497?year=2020
Hoeksche Waard,Zuid-Holland,https://www.accuweather.com/en/nl/klaaswaal/251610/march-weather/251610?year=2020
Krimpenerwaard,Zuid-Holland,https://www.accuweather.com/en/nl/stolwijk/251545/march-weather/251545?year=2020
Midden-Delfland,Zuid-Holland,https://www.accuweather.com/en/nl/maasland/251555/march-weather/251555?year=2020
Kaag en Braassem,Zuid-Holland,https://www.accuweather.com/en/nl/roelofarendsveen/251565/march-weather/251565?year=2020
Goeree-Overflakkee,Zuid-Holland,https://www.accuweather.com/en/nl/dirksland/251178/march-weather/251178?year=2020
Pijnacker-Nootdorp,Zuid-Holland,https://www.accuweather.com/en/nl/pijnacker/251513/march-weather/251513?year=2020
Alphen aan den Rijn,Zuid-Holland,https://www.accuweather.com/nl/nl/alphen-aan-den-rijn/251490/march-weather/251490?year=2020
Bodegraven-Reeuwijk,Zuid-Holland,https://www.accuweather.com/en/nl/bodegraven/251492/march-weather/251492?year=2020
Hendrik-Ido-Ambacht,Zuid-Holland,https://www.accuweather.com/nl/nl/hendrik-ido-ambacht/251498/march-weather/251498?year=2020
Leidschendam-Voorburg,Zuid-Holland,https://www.accuweather.com/en/nl/leidschendam/251503/march-weather/251503?year=2020
Capelle aan den IJssel,Zuid-Holland,https://www.accuweather.com/nl/nl/capelle-aan-den-ijssel/251494/march-weather/251494?year=2020
Hardinxveld-Giessendam,Zuid-Holland,https://www.accuweather.com/nl/nl/hardinxveld-giessendam/251529/march-weather/251529?year=2020
Krimpen aan den IJssel,Zuid-Holland,https://www.accuweather.com/nl/nl/krimpen-aan-den-ijssel/251500/march-weather/251500?year=2020
Oss,Noord-Brabant,https://www.accuweather.com/nl/nl/oss/249190/march-weather/249190?year=2020
Best,Noord-Brabant,https://www.accuweather.com/nl/nl/best/249175/march-weather/249175?year=2020
Uden,Noord-Brabant,https://www.accuweather.com/nl/nl/uden/249196/march-weather/249196?year=2020
Asten,Noord-Brabant,https://www.accuweather.com/nl/nl/asten/249173/march-weather/249173?year=2020
Breda,Noord-Brabant,https://www.accuweather.com/nl/nl/breda/249207/march-weather/249207?year=2020
Cuijk,Noord-Brabant,https://www.accuweather.com/nl/nl/cuijk/249178/march-weather/249178?year=2020
Grave,Noord-Brabant,https://www.accuweather.com/en/nl/grave/249227/march-weather/249227?year=2020
Vught,Noord-Brabant,https://www.accuweather.com/nl/nl/vught/249201/march-weather/249201?year=2020
Altena,Noord-Brabant,https://www.accuweather.com/en/nl/almkerk/249247/march-weather/249247?year=2020
Bladel,Noord-Brabant,https://www.accuweather.com/nl/nl/bladel/249260/march-weather/249260?year=2020
Boekel,Noord-Brabant,https://www.accuweather.com/nl/nl/boekel/249223/march-weather/249223?year=2020
Boxtel,Noord-Brabant,https://www.accuweather.com/nl/nl/boxtel/249177/march-weather/249177?year=2020
Deurne,Noord-Brabant,https://www.accuweather.com/nl/nl/deurne/249179/march-weather/249179?year=2020
Dongen,Noord-Brabant,https://www.accuweather.com/nl/nl/dongen/249180/march-weather/249180?year=2020
Eersel,Noord-Brabant,https://www.accuweather.com/nl/nl/eersel/249225/march-weather/249225?year=2020
Goirle,Noord-Brabant,https://www.accuweather.com/nl/nl/goirle/249226/march-weather/249226?year=2020
Haaren,Noord-Brabant,https://www.accuweather.com/nl/nl/haaren/249217/march-weather/249217?year=2020
Waalre,Noord-Brabant,https://www.accuweather.com/nl/nl/waalre/249202/march-weather/249202?year=2020
Boxmeer,Noord-Brabant,https://www.accuweather.com/nl/nl/boxmeer/249176/march-weather/249176?year=2020
Helmond,Noord-Brabant,https://www.accuweather.com/nl/nl/helmond/249185/march-weather/249185?year=2020
Heusden,Noord-Brabant,https://www.accuweather.com/nl/nl/heusden/249310/march-weather/249310?year=2020
Landerd,Noord-Brabant,https://www.accuweather.com/en/nl/schaijk/249387/march-weather/249387?year=2020
Rucphen,Noord-Brabant,https://www.accuweather.com/nl/nl/rucphen/249192/march-weather/249192?year=2020
Someren,Noord-Brabant,https://www.accuweather.com/nl/nl/someren/249195/march-weather/249195?year=2020
Tilburg,Noord-Brabant,https://www.accuweather.com/nl/nl/tilburg/249209/march-weather/249209?year=2020
Zundert,Noord-Brabant,https://www.accuweather.com/nl/nl/zundert/249244/march-weather/249244?year=2020
Bergeijk,Noord-Brabant,https://www.accuweather.com/nl/nl/bergeijk/249253/march-weather/249253?year=2020
Bernheze,Noord-Brabant,https://www.accuweather.com/en/nl/dinther/4-873067_1_al/march-weather/4-873067_1_al?year=2020
Laarbeek,Noord-Brabant,https://www.accuweather.com/en/nl/beek-en-donk/249442/march-weather/249442?year=2020
Moerdijk,Noord-Brabant,https://www.accuweather.com/nl/nl/moerdijk/249345/march-weather/249345?year=2020
Oirschot,Noord-Brabant,https://www.accuweather.com/nl/nl/oirschot/249234/march-weather/249234?year=2020
Waalwijk,Noord-Brabant,https://www.accuweather.com/nl/nl/waalwijk/249203/march-weather/249203?year=2020
Drimmelen,Noord-Brabant,https://www.accuweather.com/nl/nl/drimmelen/249276/march-weather/249276?year=2020
Eindhoven,Noord-Brabant,https://www.accuweather.com/nl/nl/eindhoven/249208/march-weather/249208?year=2020
Veldhoven,Noord-Brabant,https://www.accuweather.com/nl/nl/veldhoven/249199/march-weather/249199?year=2020
Etten-Leur,Noord-Brabant,https://www.accuweather.com/nl/nl/etten-leur/249181/march-weather/249181?year=2020
Oisterwijk,Noord-Brabant,https://www.accuweather.com/nl/nl/oisterwijk/249188/march-weather/249188?year=2020
Oosterhout,Noord-Brabant,https://www.accuweather.com/nl/nl/oosterhout/249189/march-weather/249189?year=2020
Roosendaal,Noord-Brabant,https://www.accuweather.com/nl/nl/roosendaal/249191/march-weather/249191?year=2020
Cranendonck,Noord-Brabant,https://www.accuweather.com/en/nl/soerendonk/249391/march-weather/249391?year=2020
Halderberge,Noord-Brabant,https://www.accuweather.com/en/nl/oud-gastel/249369/march-weather/249369?year=2020
Meierijstad,Noord-Brabant,https://www.accuweather.com/en/nl/veghel/249198/march-weather/249198?year=2020
Steenbergen,Noord-Brabant,https://www.accuweather.com/en/nl/steenbergen/249241/march-weather/249241?year=2020
Woensdrecht,Noord-Brabant,https://www.accuweather.com/en/nl/woensdrecht/249435/march-weather/249435?year=2020
Alphen-Chaam,Noord-Brabant,https://www.accuweather.com/en/nl/chaam/249267/march-weather/249267?year=2020
Gemert-Bakel,Noord-Brabant,https://www.accuweather.com/en/nl/gemert/249183/march-weather/249183?year=2020
Heeze-Leende,Noord-Brabant,https://www.accuweather.com/en/nl/heeze/249228/march-weather/249228?year=2020
Hilvarenbeek,Noord-Brabant,https://www.accuweather.com/en/nl/hilvarenbeek/249229/march-weather/249229?year=2020
Loon op Zand,Noord-Brabant,https://www.accuweather.com/en/nl/loon-op-zand/249211/march-weather/249211?year=2020
Valkenswaard,Noord-Brabant,https://www.accuweather.com/en/nl/valkenswaard/249197/march-weather/249197?year=2020
Baarle-Nassau,Noord-Brabant,https://www.accuweather.com/en/nl/baarle-nassau/249221/march-weather/249221?year=2020
Sint Anthonis,Noord-Brabant,https://www.accuweather.com/en/nl/sint-anthonis/249219/march-weather/249219?year=2020
Bergen op Zoom,Noord-Brabant,https://www.accuweather.com/en/nl/bergen-op-zoom/249174/march-weather/249174?year=2020
Geldrop-Mierlo,Noord-Brabant,https://www.accuweather.com/en/nl/geldrop/249182/march-weather/249182?year=2020
Gilze en Rijen,Noord-Brabant,https://www.accuweather.com/en/nl/molenschot/249347/march-weather/249347?year=2020
Son en Breugel,Noord-Brabant,https://www.accuweather.com/en/nl/son-en-breugel/249479/march-weather/249479?year=2020
Geertruidenberg,Noord-Brabant,https://www.accuweather.com/en/nl/geertruidenberg/249292/march-weather/249292?year=2020
's-Hertogenbosch,Noord-Brabant,https://www.accuweather.com/en/nl/%27s-hertogenbosch/249206/march-weather/249206?year=2020
Reusel-De Mierden,Noord-Brabant,https://www.accuweather.com/en/nl/reusel/249237/march-weather/249237?year=2020
Mill en Sint Hubert,Noord-Brabant,https://www.accuweather.com/en/nl/mill/249233/march-weather/249233?year=2020
Sint-Michielsgestel,Noord-Brabant,https://www.accuweather.com/en/nl/sint-michielsgestel/249240/march-weather/249240?year=2020
"Nuenen, Gerwen en Nederwetten",Noord-Brabant,https://www.accuweather.com/en/nl/nuenen/249187/march-weather/249187?year=2020
Hoorn,Noord-Holland,https://www.accuweather.com/en/nl/hoorn/249540/march-weather/249540?year=2020
Laren,Noord-Holland,https://www.accuweather.com/en/nl/laren/249578/march-weather/249578?year=2020
Texel,Noord-Holland,https://www.accuweather.com/en/nl/den-burg/249575/march-weather/249575?year=2020
Weesp,Noord-Holland,https://www.accuweather.com/en/nl/weesp/249548/march-weather/249548?year=2020
Diemen,Noord-Holland,https://www.accuweather.com/en/nl/diemen/249490/march-weather/249490?year=2020
Heiloo,Noord-Holland,https://www.accuweather.com/en/nl/heiloo/249537/march-weather/249537?year=2020
Huizen,Noord-Holland,https://www.accuweather.com/en/nl/huizen/249541/march-weather/249541?year=2020
Opmeer,Noord-Holland,https://www.accuweather.com/en/nl/opmeer/249584/march-weather/249584?year=2020
Velsen,Noord-Holland,https://www.accuweather.com/en/nl/velsen-zuid/1-249759_1_al/march-weather/1-249759_1_al?year=2020
Alkmaar,Noord-Holland,https://www.accuweather.com/en/nl/alkmaar/249550/march-weather/249550?year=2020
Haarlem,Noord-Holland,https://www.accuweather.com/en/nl/haarlem/249551/march-weather/249551?year=2020
Schagen,Noord-Holland,https://www.accuweather.com/en/nl/schagen/249545/march-weather/249545?year=2020
Aalsmeer,Noord-Holland,https://www.accuweather.com/en/nl/aalsmeer/1099/march-weather/1099?year=2020
Beemster,Noord-Holland,https://www.accuweather.com/en/nl/middenbeemster/249563/march-weather/249563?year=2020
Blaricum,Noord-Holland,https://www.accuweather.com/en/nl/blaricum/249573/march-weather/249573?year=2020
Oostzaan,Noord-Holland,https://www.accuweather.com/en/nl/oostzaan/249491/march-weather/249491?year=2020
Uitgeest,Noord-Holland,https://www.accuweather.com/en/nl/uitgeest/249586/march-weather/249586?year=2020
Uithoorn,Noord-Holland,https://www.accuweather.com/en/nl/uithoorn/249546/march-weather/249546?year=2020
Zaanstad,Noord-Holland,https://www.accuweather.com/en/nl/zaanstad/249513/march-weather/249513?year=2020
Amsterdam,Noord-Holland,https://www.accuweather.com/en/nl/amsterdam/249758/march-weather/249758?year=2020
Beverwijk,Noord-Holland,https://www.accuweather.com/en/nl/beverwijk/249529/march-weather/249529?year=2020
Castricum,Noord-Holland,https://www.accuweather.com/en/nl/castricum/249531/march-weather/249531?year=2020
Enkhuizen,Noord-Holland,https://www.accuweather.com/en/nl/enkhuizen/249533/march-weather/249533?year=2020
Heemskerk,Noord-Holland,https://www.accuweather.com/en/nl/heemskerk/249534/march-weather/249534?year=2020
Heemstede,Noord-Holland,https://www.accuweather.com/en/nl/heemstede/249535/march-weather/249535?year=2020
Hilversum,Noord-Holland,https://www.accuweather.com/en/nl/hilversum/249538/march-weather/249538?year=2020
Landsmeer,Noord-Holland,https://www.accuweather.com/en/nl/landsmeer/249577/march-weather/249577?year=2020
Langedijk,Noord-Holland,https://www.accuweather.com/en/nl/zuid-scharwoude/869814/march-weather/869814?year=2020
Medemblik,Noord-Holland,https://www.accuweather.com/en/nl/medemblik/249580/march-weather/249580?year=2020
Purmerend,Noord-Holland,https://www.accuweather.com/en/nl/purmerend/249544/march-weather/249544?year=2020
Waterland,Noord-Holland,https://www.accuweather.com/en/nl/monnickendam/249581/march-weather/249581?year=2020
Zandvoort,Noord-Holland,https://www.accuweather.com/en/nl/zandvoort/249549/march-weather/249549?year=2020
Amstelveen,Noord-Holland,https://www.accuweather.com/en/nl/amstelveen/249528/march-weather/249528?year=2020
Den Helder,Noord-Holland,https://www.accuweather.com/en/nl/den-helder/249532/march-weather/249532?year=2020
Koggenland,Noord-Holland,https://www.accuweather.com/en/nl/spierdijk/249676/march-weather/249676?year=2020
Wijdemeren,Noord-Holland,https://www.accuweather.com/en/nl/kortenhoef/249642/march-weather/249642?year=2020
Wormerland,Noord-Holland,https://www.accuweather.com/en/nl/jisp/249639/march-weather/249639?year=2020
Bloemendaal,Noord-Holland,https://www.accuweather.com/en/nl/bloemendaal/249552/march-weather/249552?year=2020
Stede Broec,Noord-Holland,https://www.accuweather.com/en/nl/stede-broec/3509493/march-weather/3509493?year=2020
Bergen (NH.),Noord-Holland,https://www.accuweather.com/en/nl/bergen/249603/march-weather/249603?year=2020
Drechterland,Noord-Holland,https://www.accuweather.com/en/nl/hem/249635/march-weather/249635?year=2020
Gooise Meren,Noord-Holland,https://www.accuweather.com/en/nl/naarden/249543/march-weather/249543?year=2020
Ouder-Amstel,Noord-Holland,https://www.accuweather.com/en/nl/ouderkerk-aan-de-amstel/249585/march-weather/249585?year=2020
Edam-Volendam,Noord-Holland,https://www.accuweather.com/en/nl/volendam/249547/march-weather/249547?year=2020
Heerhugowaard,Noord-Holland,https://www.accuweather.com/en/nl/heerhugowaard/249536/march-weather/249536?year=2020
Haarlemmermeer,Noord-Holland,https://www.accuweather.com/en/nl/hoofddorp/249539/march-weather/249539?year=2020
Hollands Kroon,Noord-Holland,https://www.accuweather.com/en/nl/middenmeer/249648/march-weather/249648?year=2020
